fname,duration
fake1_1.wav,1.357889175415039
fake1_10.wav,0.5756525993347168
speaker1_1.wav,0.5897784233093262
speaker1_10.wav,0.5787131786346436
