name,fragment,score,label
fake1_1.wav,0,0.5725706219673157,1
fake1_1.wav,1,0.5306636691093445,1
fake1_1.wav,2,1.0521093606948853,1
fake1_10.wav,0,-0.2464059293270111,0
fake1_10.wav,1,-0.12019657343626022,0
fake1_10.wav,2,-0.8754420280456543,0
