name,fragment,score,label
audio_1.m4a,0,-0.8605966567993164,0
audio_2.m4a,0,-1.6404800415039062,0
audio_2.m4a,1,-2.1781108379364014,0
