name,fragment,score,label
audio_1.m4a,0,-1.9710646867752075,1
audio_2.m4a,0,0.5147412419319153,1
audio_2.m4a,1,3.2705163955688477,1
