name,fragment,score,label
speaker1_1.wav,0,-0.24376000463962555,0
speaker1_1.wav,1,-0.5455222725868225,0
speaker1_1.wav,2,0.11781182885169983,1
speaker1_10.wav,0,0.002236819826066494,1
speaker1_10.wav,1,0.5141099095344543,1
speaker1_10.wav,2,-0.9512549042701721,0
