name,fragment,score,label
fake1_1.wav,0,-2.8916492462158203,1
fake1_1.wav,1,-2.3204755783081055,1
fake1_1.wav,2,-3.613011598587036,0
fake1_10.wav,0,-3.5611841678619385,0
fake1_10.wav,1,-2.9878745079040527,1
fake1_10.wav,2,-3.609549045562744,0
