name,fragment,score,label
speaker1_1.wav,0,-0.05462672933936119,0
speaker1_1.wav,1,-0.923690915107727,0
speaker1_1.wav,2,0.011840096674859524,1
speaker1_10.wav,0,0.3533107042312622,1
speaker1_10.wav,1,0.8731059432029724,1
speaker1_10.wav,2,-1.1066311597824097,0
