name,fragment,score,label
speaker1_1.wav,0,4.474464416503906,1
speaker1_1.wav,1,2.800600051879883,1
speaker1_1.wav,2,2.5792551040649414,1
speaker1_10.wav,0,-3.248415946960449,1
speaker1_10.wav,1,-1.9482260942459106,1
speaker1_10.wav,2,-3.139944314956665,1
