name,fragment,score,label
fake1_1.wav,0,0.6449282169342041,1
fake1_1.wav,1,-0.6998229026794434,0
fake1_1.wav,2,-0.4992545545101166,0
fake1_10.wav,0,-1.0709733963012695,0
fake1_10.wav,1,-0.6801390051841736,0
fake1_10.wav,2,-1.2920629978179932,0
