name,fragment,score,label
audio_1.m4a,0,-0.22493654489517212,0
audio_2.m4a,0,-0.7134037613868713,0
audio_2.m4a,1,-1.5850460529327393,0
